Workbook

Sheet Kelompok
B1: Tabel Hasil & Ringkasan UTS JarKom K15
B2: Perancangan Pengalamatan Jaringan Smart City Surabaya - Kelompok 15
B4: Kelompok | C4: NRP | D4: Nama
B5: 15 | C5: 5027251005 | D5: Umar
C6: 5027251025 | D6: Tafidah Hasna
C7: 5027251055 | D7: Keisya Dira
B12: Oktet ke-2 | C12: Oktet ke-2 = 8 x Nomor Kelompok = 8 x 15 = 120 | F12: Link Tambahan R-PUSAT ke R-ISP | G12: 203.0.113.(4 x 15)/30 = 203.0.113.60/30 (R-PUSAT: .61, R-ISP: .62)
B13: Base Network | C13: 10.120.0.0/16 | F13: Server Internet Eksternal | G13: 8.8.8.0/24 (Server: 8.8.8.8, Gateway R-ISP: 8.8.8.1)
B14: Alasan Pemilihan Kelas Private | C14: Menggunakan Class A Private (10.0.0.0/8) karena fleksibilitas subnetting sangat luas untuk jaringan skala kota (Smart City) dengan kebutuhan total >60.000 host. | F14: Tunnel GRE R-PUSAT ke R-PELABUHAN | G14: 192.168.15.0/30 (R-PUSAT: .1, R-PELABUHAN: .2)

Sheet Kebutuhan
B1: Tabel Kebutuhan
B4: No | C4: Subnet | D4: Jumlah Host | E4: Kebutuhan | F4: Prefix | G4: Ukuran Blok | H4: Subnet Mask
B5: 1 | C5: Wifi Publik Utara | D5: 11000 | E5: =D5+2 -> 11002 | F5: =32-ROUNDUP(ROUND(LOG(E5,2),9),0) -> 18 | G5: =2^(32-F5) -> 16384 | H5: =INT((2^32-G5)/2^24)&"."&MOD(INT((2^32-G5)/2^16),256)&"."&MOD(INT((2^32-G5)/2^8),256)&"."&MOD(2^32-G5,256) -> 255.255.192.0
B6: 2 | C6: Wifi Publik Selatan | D6: 6500 | E6: =D6+2 -> 6502 | F6: =32-ROUNDUP(ROUND(LOG(E6,2),9),0) -> 19 | G6: =2^(32-F6) -> 8192 | H6: =INT((2^32-G6)/2^24)&"."&MOD(INT((2^32-G6)/2^16),256)&"."&MOD(INT((2^32-G6)/2^8),256)&"."&MOD(2^32-G6,256) -> 255.255.224.0
B7: 3 | C7: CCTV Kota | D7: 6000 | E7: =D7+2 -> 6002 | F7: =32-ROUNDUP(ROUND(LOG(E7,2),9),0) -> 19 | G7: =2^(32-F7) -> 8192 | H7: =INT((2^32-G7)/2^24)&"."&MOD(INT((2^32-G7)/2^16),256)&"."&MOD(INT((2^32-G7)/2^8),256)&"."&MOD(2^32-G7,256) -> 255.255.224.0
B8: 4 | C8: Wifi Publik Timur | D8: 5500 | E8: =D8+2 -> 5502 | F8: =32-ROUNDUP(ROUND(LOG(E8,2),9),0) -> 19 | G8: =2^(32-F8) -> 8192 | H8: =INT((2^32-G8)/2^24)&"."&MOD(INT((2^32-G8)/2^16),256)&"."&MOD(INT((2^32-G8)/2^8),256)&"."&MOD(2^32-G8,256) -> 255.255.224.0
B9: 5 | C9: SCADA | D9: 5000 | E9: =D9+2 -> 5002 | F9: =32-ROUNDUP(ROUND(LOG(E9,2),9),0) -> 19 | G9: =2^(32-F9) -> 8192 | H9: =INT((2^32-G9)/2^24)&"."&MOD(INT((2^32-G9)/2^16),256)&"."&MOD(INT((2^32-G9)/2^8),256)&"."&MOD(2^32-G9,256) -> 255.255.224.0
B10: 6 | C10: Wifi Publik Barat | D10: 4500 | E10: =D10+2 -> 4502 | F10: =32-ROUNDUP(ROUND(LOG(E10,2),9),0) -> 19 | G10: =2^(32-F10) -> 8192 | H10: =INT((2^32-G10)/2^24)&"."&MOD(INT((2^32-G10)/2^16),256)&"."&MOD(INT((2^32-G10)/2^8),256)&"."&MOD(2^32-G10,256) -> 255.255.224.0
B11: 7 | C11: Pegawai Balai Kota | D11: 1800 | E11: =D11+2 -> 1802 | F11: =32-ROUNDUP(ROUND(LOG(E11,2),9),0) -> 21 | G11: =2^(32-F11) -> 2048 | H11: =INT((2^32-G11)/2^24)&"."&MOD(INT((2^32-G11)/2^16),256)&"."&MOD(INT((2^32-G11)/2^8),256)&"."&MOD(2^32-G11,256) -> 255.255.248.0
B12: 8 | C12: Sensor Banjir Timur | D12: 700 | E12: =D12+2 -> 702 | F12: =32-ROUNDUP(ROUND(LOG(E12,2),9),0) -> 22 | G12: =2^(32-F12) -> 1024 | H12: =INT((2^32-G12)/2^24)&"."&MOD(INT((2^32-G12)/2^16),256)&"."&MOD(INT((2^32-G12)/2^8),256)&"."&MOD(2^32-G12,256) -> 255.255.252.0
B13: 9 | C13: Sensor Lalu Lintas | D13: 450 | E13: =D13+2 -> 452 | F13: =32-ROUNDUP(ROUND(LOG(E13,2),9),0) -> 23 | G13: =2^(32-F13) -> 512 | H13: =INT((2^32-G13)/2^24)&"."&MOD(INT((2^32-G13)/2^16),256)&"."&MOD(INT((2^32-G13)/2^8),256)&"."&MOD(2^32-G13,256) -> 255.255.254.0
B14: 10 | C14: Puskesmas | D14: 220 | E14: =D14+2 -> 222 | F14: =32-ROUNDUP(ROUND(LOG(E14,2),9),0) -> 24 | G14: =2^(32-F14) -> 256 | H14: =INT((2^32-G14)/2^24)&"."&MOD(INT((2^32-G14)/2^16),256)&"."&MOD(INT((2^32-G14)/2^8),256)&"."&MOD(2^32-G14,256) -> 255.255.255.0
B15: 11 | C15: Server DC | D15: 180 | E15: =D15+2 -> 182 | F15: =32-ROUNDUP(ROUND(LOG(E15,2),9),0) -> 24 | G15: =2^(32-F15) -> 256 | H15: =INT((2^32-G15)/2^24)&"."&MOD(INT((2^32-G15)/2^16),256)&"."&MOD(INT((2^32-G15)/2^8),256)&"."&MOD(2^32-G15,256) -> 255.255.255.0
B16: 12 | C16: Kantor Labuh | D16: 120 | E16: =D16+2 -> 122 | F16: =32-ROUNDUP(ROUND(LOG(E16,2),9),0) -> 25 | G16: =2^(32-F16) -> 128 | H16: =INT((2^32-G16)/2^24)&"."&MOD(INT((2^32-G16)/2^16),256)&"."&MOD(INT((2^32-G16)/2^8),256)&"."&MOD(2^32-G16,256) -> 255.255.255.128
... B18: 14 | C18: Server Balaikota | D18: 20 | E18: =D18+2 -> 22 | F18: =32-ROUNDUP(ROUND(LOG(E18,2),9),0) -> 27 | G18: =2^(32-F18) -> 32 | H18: =INT((2^32-G18)/2^24)&"."&MOD(INT((2^32-G18)/2^16),256)&"."&MOD(INT((2^32-G18)/2^8),256)&"."&MOD(2^32-G18,256) -> 255.255.255.224

Sheet VLSM
B1: Tabel VLSM
B3: No. | C3: Subnet / LAN | D3: Lokasi | E3: Prefix | F3: Network ID | G3: Range | I3: Broadcast | J3: Offset
G4: Host Pertama | H4: Host Terakhir
B5: 1 | C5: WiFi Publik Utara | D5: R-UTARA | E5: {=IF(LEFT(C5,4)="Link",30,VALUE(SUBSTITUTE(INDEX(Kebutuhan!$F$5:$F$18,MATCH(B5,Kebutuhan!$B$5:$B$18,0)),"/","")))} -> 18 | F5: 10.120.0.1 | G5: 10.120.0.1 | H5: 10.120.63.254 | I5: 10.120.63.255 | J5: 0
B6: 2 | C6: WiFi Publik Selatan | D6: R-SELATAN | E6: {=IF(LEFT(C6,4)="Link",30,VALUE(SUBSTITUTE(INDEX(Kebutuhan!$F$5:$F$18,MATCH(B6,Kebutuhan!$B$5:$B$18,0)),"/","")))} -> 19 | F6: 10.120.64.0 | G6: 10.120.64.1 | H6: 10.120.95.254 | I6: 10.120.95.255 | J6: =J5+2^(32-E5) -> 16384
B7: 3 | C7: CCTV Kota | D7: R-DC | E7: {=IF(LEFT(C7,4)="Link",30,VALUE(SUBSTITUTE(INDEX(Kebutuhan!$F$5:$F$18,MATCH(B7,Kebutuhan!$B$5:$B$18,0)),"/","")))} -> 19 | F7: 10.120.96.0 | G7: 10.120.96.1 | H7: 10.120.127.254 | I7: 10.120.127.255 | J7: =J6+2^(32-E6) -> 24576
B8: 4 | C8: WiFi Publik Timur | D8: R-TIMUR | E8: {=IF(LEFT(C8,4)="Link",30,VALUE(SUBSTITUTE(INDEX(Kebutuhan!$F$5:$F$18,MATCH(B8,Kebutuhan!$B$5:$B$18,0)),"/","")))} -> 19 | F8: 10.120.128.0 | G8: 10.120.128.1 | H8: 10.120.159.254 | I8: 10.120.159.255 | J8: =J7+2^(32-E7) -> 32768
B9: 5 | C9: Sensor & SCADA Pelabuhan | D9: R-PELABUHAN | E9: {=IF(LEFT(C9,4)="Link",30,VALUE(SUBSTITUTE(INDEX(Kebutuhan!$F$5:$F$18,MATCH(B9,Kebutuhan!$B$5:$B$18,0)),"/","")))} -> 19 | F9: 10.120.160.0 | G9: 10.120.160.1 | H9: 10.120.191.254 | I9: 10.120.191.255 | J9: =J8+2^(32-E8) -> 40960
B10: 6 | C10: WiFi Publik Barat | D10: R-BARAT | E10: {=IF(LEFT(C10,4)="Link",30,VALUE(SUBSTITUTE(INDEX(Kebutuhan!$F$5:$F$18,MATCH(B10,Kebutuhan!$B$5:$B$18,0)),"/","")))} -> 19 | F10: 10.120.192.0 | G10: 10.120.192.1 | H10: 10.120.223.254 | I10: 10.120.223.255 | J10: =J9+2^(32-E9) -> 49152
B11: 7 | C11: Pegawai Balai Kota | D11: R-PUSAT | E11: {=IF(LEFT(C11,4)="Link",30,VALUE(SUBSTITUTE(INDEX(Kebutuhan!$F$5:$F$18,MATCH(B11,Kebutuhan!$B$5:$B$18,0)),"/","")))} -> 21 | F11: 10.120.224.0 | G11: 10.120.224.1 | H11: 10.120.231.254 | I11: 10.120.231.255 | J11: =J10+2^(32-E10) -> 57344
B12: 8 | C12: Sensor Banjir Timur | D12: R-TIMUR | E12: {=IF(LEFT(C12,4)="Link",30,VALUE(SUBSTITUTE(INDEX(Kebutuhan!$F$5:$F$18,MATCH(B12,Kebutuhan!$B$5:$B$18,0)),"/","")))} -> 22 | F12: 10.120.232.0 | G12: 10.120.232.1 | H12: 10.120.235.254 | I12: 10.120.235.255 | J12: =J11+2^(32-E11) -> 59392
B13: 9 | C13: Sensor Lalu Lintas Utara | D13: R-UTARA | E13: {=IF(LEFT(C13,4)="Link",30,VALUE(SUBSTITUTE(INDEX(Kebutuhan!$F$5:$F$18,MATCH(B13,Kebutuhan!$B$5:$B$18,0)),"/","")))} -> 23 | F13: 10.120.236.0 | G13: 10.120.236.1 | H13: 10.120.237.254 | I13: 10.120.237.255 | J13: =J12+2^(32-E12) -> 60416
B14: 10 | C14: Puskesmas & Sekolah Barat | D14: R-BARAT | E14: {=IF(LEFT(C14,4)="Link",30,VALUE(SUBSTITUTE(INDEX(Kebutuhan!$F$5:$F$18,MATCH(B14,Kebutuhan!$B$5:$B$18,0)),"/","")))} -> 24 | F14: 10.120.238.0 | G14: 10.120.238.1 | H14: 10.120.238.254 | I14: 10.120.238.255 | J14: =J13+2^(32-E13) -> 60928
B15: 11 | C15: Server & Storage DC | D15: R-DC | E15: {=IF(LEFT(C15,4)="Link",30,VALUE(SUBSTITUTE(INDEX(Kebutuhan!$F$5:$F$18,MATCH(B15,Kebutuhan!$B$5:$B$18,0)),"/","")))} -> 24 | F15: 10.120.239.0 | G15: 10.120.239.1 | H15: 10.120.239.254 | I15: 10.120.239.255 | J15: =J14+2^(32-E14) -> 61184
B16: 12 | C16: Kantor Pelabuhan | D16: R-PELABUHAN | E16: {=IF(LEFT(C16,4)="Link",30,VALUE(SUBSTITUTE(INDEX(Kebutuhan!$F$5:$F$18,MATCH(B16,Kebutuhan!$B$5:$B$18,0)),"/","")))} -> 25 | F16: 10.120.240.0 | G16: 10.120.240.1 | H16: 10.120.240.126 | I16: 10.120.240.127 | J16: =J15+2^(32-E15) -> 61440
B17: 13 | C17: PJU Pintar Selatan | D17: R-SELATAN | E17: {=IF(LEFT(C17,4)="Link",30,VALUE(SUBSTITUTE(INDEX(Kebutuhan!$F$5:$F$18,MATCH(B17,Kebutuhan!$B$5:$B$18,0)),"/","")))} -> 25 | F17: 10.120.240.128 | G17: 10.120.240.129 | H17: 10.120.240.254 | I17: 10.120.240.255 | J17: =J16+2^(32-E16) -> 61568
... B24: 20 | C24: Link 6 (Backbone L6) | D24: R-UTARA <-> R-PELABUHAN | E24: {=IF(LEFT(C24,4)="Link",30,VALUE(SUBSTITUTE(INDEX(Kebutuhan!$F$5:$F$18,MATCH(B24,Kebutuhan!$B$5:$B$18,0)),"/","")))} -> 30 | F24: 10.120.241.52 | G24: 10.120.241.53 | H24: 10.120.241.54 | I24: 10.120.241.55 | J24: =J23+2^(32-E23) -> 61748
I25: Total | J25: =J24+2^(32-E24) -> 61752
I26: Prefix Seluruhan | J26: =32-ROUNDUP(ROUND(LOG(J25,2),9),0) -> 16
I27: Besar Blok | J27: =2^(32-J26) -> 65536
I28: Alamat Sisa | J28: =J27-J25 -> 3784
I29: Persentase Pemakaian | J29: =J25/J27 -> 0.94226074
B31: Subnet Khusus
B32: 21 | C32: Link R-PUSAT ke R-ISP | E32: 203.0.113.60/30 | F32: R-PUSAT: 203.0.113.61, R-ISP: 203.0.113.62, Bc: 203.0.113.63
B33: 22 | C33: Server Internet Eksternal | E33: 8.8.8.0/24 | F33: Server: 8.8.8.8, Gateway R-ISP: 8.8.8.1, Bc: 8.8.8.255
B34: 23 | C34: Tunnel GRE (PUSAT - PELABUHAN) | E34: 192.168.15.0/30 | F34: R-PUSAT: 192.168.15.1, R-PELABUHAN: 192.168.15.2, Bc: 192.168.15.3

Sheet CIDR
B1: Tabel CIDR
B3: No. | C3: Router | D3: Alokasi Supernet | E3: Prefix Supernet | F3: Kapasitas Supernet | G3: Subnet Anggota | H3: Kebutuhan Host | I3: Prefix Subnet | J3: Network ID Subnet | K3: Range | M3: Broadcast Subnet | N3: Offset
K4: Host Pertama | L4: Host Terakhir
B5: 1 | C5: R-UTARA | D5: 10.120.0.0 - 10.120.127.255 | E5: 17 | F5: =2^(32-E5) -> 32768 | G5: WiFi Publik Utara | H5: 11000 | I5: =32-ROUNDUP(ROUND(LOG(H5,2),9),0) -> 18 | J5: 10.120.0.0 | K5: 10.120.0.1 | L5: 10.120.63.254 | M5: 10.120.63.255 | N5: 0
G6: Sensor Lalu Lintas Utara | H6: 450 | I6: =32-ROUNDUP(ROUND(LOG(H6,2),9),0) -> 23 | J6: 10.120.64.0 | K6: 10.120.64.1 | L6: 10.120.65.254 | M6: 10.120.65.255
G7: Link 2 (R-PUSAT <-> R-UTARA) | H7: 2 | I7: 30 | J7: 10.120.66.0 | K7: 10.120.66.1 | L7: 10.120.66.2 | M7: 10.120.66.3
B8: 2 | C8: R-SELATAN | D8: 10.120.128.0 - 10.120.191.255 | E8: 18 | F8: =2^(32-E8) -> 16384 | G8: WiFi Publik Selatan | H8: 6500 | I8: =32-ROUNDUP(ROUND(LOG(H8,2),9),0) -> 19 | J8: 10.120.128.0 | K8: 10.120.128.1 | L8: 10.120.159.254 | M8: 10.120.159.255 | N8: =N5+F5 -> 32768
G9: PJU Pintar Selatan | H9: 90 | I9: =32-ROUNDUP(ROUND(LOG(H9,2),9),0) -> 25 | J9: 10.120.160.0 | K9: 10.120.160.1 | L9: 10.120.160.126 | M9: 10.120.160.127
G10: Link 3 (R-PUSAT <-> R-SELATAN) | H10: 2 | I10: 30 | J10: 10.120.160.128 | K10: 10.120.160.129 | L10: 10.120.160.130 | M10: 10.120.160.131
B11: 3 | C11: R-DC | D11: 10.120.192.0 - 10.120.255.255 | E11: 18 | F11: =2^(32-E11) -> 16384 | G11: CCTV Kota | H11: 6000 | I11: =32-ROUNDUP(ROUND(LOG(H11,2),9),0) -> 19 | J11: 10.120.192.0 | K11: 10.120.192.1 | L11: 10.120.223.254 | M11: 10.120.223.255 | N11: =N8+F8 -> 49152
G12: Server & Storage DC | H12: 180 | I12: =32-ROUNDUP(ROUND(LOG(H12,2),9),0) -> 24 | J12: 10.120.224.0 | K12: 10.120.224.1 | L12: 10.120.224.254 | M12: 10.120.224.255
G13: Link 1 (R-PUSAT <-> R-DC) | H13: 2 | I13: 30 | J13: 10.120.225.0 | K13: 10.120.225.1 | L13: 10.120.225.2 | M13: 10.120.225.3
B14: 4 | C14: R-TIMUR | D14: 10.121.0.0 - 10.121.63.255 | E14: 18 | F14: =2^(32-E14) -> 16384 | G14: WiFi Publik Timur | H14: 5500 | I14: =32-ROUNDUP(ROUND(LOG(H14,2),9),0) -> 19 | J14: 10.121.0.0 | K14: 10.121.0.1 | L14: 10.121.31.254 | M14: 10.121.31.255 | N14: =N11+F11 -> 65536
G15: Sensor Banjir Timur | H15: 700 | I15: =32-ROUNDUP(ROUND(LOG(H15,2),9),0) -> 22 | J15: 10.121.32.0 | K15: 10.121.32.1 | L15: 10.121.35.254 | M15: 10.121.35.255
G16: Link 4 (R-PUSAT <-> R-TIMUR) | H16: 2 | I16: 30 | J16: 10.121.36.0 | K16: 10.121.36.1 | L16: 10.121.36.2 | M16: 10.121.36.3
B17: 5 | C17: R-PELABUHAN | D17: 10.121.64.0 - 10.121.127.255 | E17: 18 | F17: =2^(32-E17) -> 16384 | G17: Sensor & SCADA Pelabuhan | H17: 5000 | I17: =32-ROUNDUP(ROUND(LOG(H17,2),9),0) -> 19 | J17: 10.121.64.0 | K17: 10.121.64.1 | L17: 10.121.95.254 | M17: 10.121.95.255 | N17: =N14+F14 -> 81920
G18: Kantor Pelabuhan | H18: 120 | I18: =32-ROUNDUP(ROUND(LOG(H18,2),9),0) -> 25 | J18: 10.121.96.0 | K18: 10.121.96.1 | L18: 10.121.96.126 | M18: 10.121.96.127
G19: Link 6 (R-UTARA <-> R-PELABUHAN) | H19: 2 | I19: 30 | J19: 10.121.96.128 | K19: 10.121.96.129 | L19: 10.121.96.130 | M19: 10.121.96.131
B20: 6 | C20: R-BARAT | D20: 10.121.128.0 - 10.121.191.255 | E20: 18 | F20: =2^(32-E20) -> 16384 | G20: WiFi Publik Barat | H20: 4500 | I20: =32-ROUNDUP(ROUND(LOG(H20,2),9),0) -> 19 | J20: 10.121.128.0 | K20: 10.121.128.1 | L20: 10.121.159.254 | M20: 10.121.159.255 | N20: =N17+F17 -> 98304
G21: Puskesmas & Sekolah Barat | H21: 220 | I21: =32-ROUNDUP(ROUND(LOG(H21,2),9),0) -> 24 | J21: 10.121.160.0 | K21: 10.121.160.1 | L21: 10.121.160.254 | M21: 10.121.160.255
G22: Link 5 (R-PUSAT <-> R-BARAT) | H22: 2 | I22: 30 | J22: 10.121.161.0 | K22: 10.121.161.1 | L22: 10.121.161.2 | M22: 10.121.161.3
B23: 7 | C23: R-PUSAT | D23: 10.121.192.0 - 10.121.207.255 | E23: 20 | F23: =2^(32-E23) -> 4096 | G23: Pegawai Balai Kota | H23: 1800 | I23: =32-ROUNDUP(ROUND(LOG(H23,2),9),0) -> 21 | J23: 10.121.192.0 | K23: 10.121.192.1 | L23: 10.121.199.254 | M23: 10.121.199.255 | N23: =N20+F20 -> 114688
G24: Server Balai Kota | H24: 20 | I24: =32-ROUNDUP(ROUND(LOG(H24,2),9),0) -> 27 | J24: 10.121.200.0 | K24: 10.121.200.1 | L24: 10.121.200.30 | M24: 10.121.200.31
M25: Total | N25: =N23+F23 -> 118784
M26: Prefix Seluruhan | N26: =32-ROUNDUP(ROUND(LOG(N25,2),9),0) -> 15
M27: Besar Blok | N27: =2^(32-N26) -> 131072
M28: Alamat Sisa | N28: =N27-N25 -> 12288
M29: Persentase Pemakaian
M30: Supernet terhadap /15 | N30: =N25/N27 -> 0.90625
M31: Yang digunakan terhadap /15 | N31: =61752/N27 -> 0.47113037

Sheet Simpulan & Analisis
B3: Tabel Perbandingan Efisiensi VLSM vs CIDR
B5: Parameter | D5: VSLM | E5: CIDR | F5: Analisis
B6: Total alamat digunakan | D6: 61.752 alamat | E6: 61.752 alamat | F6: Kebutuhan alamat aktual sama pada kedua metode.
B7: Total alamat dipesan | D7: 61.752 alamat | E7: 118.784 alamat | F7: CIDR memesan lebih banyak alamat karena pembulatan blok pada setiap router.
B8: Prefix Terkecil yang Menampung | D8: /16 (65.536 alamat) | E8: /15 (131.072 alamat) | F8: CIDR membutuhkan blok induk /15 karena total alokasi melebihi kapasitas /16.
B9: Alamat Terbuang | D9: 3.784 alamat (dalam /16) | E9: 57.032 alamat (dari yang digunakan dalam /15) | F9: CIDR membuang sekitar 15 kali lebih banyak alamat pada tingkat blok per router.
B10: Persentase Efisiensi Pemakaian | D10: 0.9423 | E10: 0.4711 | F10: Efisiensi VLSM jauh lebih tinggi (+47.12% lebih hemat dibanding CIDR) VLSM menggunakan alokasi lebih rapat, sedangkan CIDR menyisakan ruang cadangan.
B11: Kesimpulan Metode | D11: Efisiensi alamat lebih tinggi | E11: Lebih boros alamat, lebih ringkas di rute | F11: VLSM direkomendasikan karena pembagian IP fleksibel sesuai kebutuhan tiap subnet.

Sheet Revisi
A1: Tabel Revisi
B3: No | C3: Subnet Terkait | D3: Jawaban di Lembar UTS | E3: Perbaikan yang Benar | F3: Alasan Kesalahan & Pembahasan
B5: 1 | C5: Server Balai Kota (Baris 14) | D5: Range: 10.120.241.1 - 10.120.241.31 Broadcast: 10.120.241.32 | E5: Range: 10.120.241.1 - 10.120.241.30 Broadcast: 10.120.241.31 Prefix: /27 (Blok 32) | F5: Ukuran blok prefix /27 adalah 32 alamat (dimulai dari .0 hingga .31). Host terakhir adalah .30 dan broadcast adalah .31. Di lembar UTS tertulis broadcast .32 sehingga menyebabkan pergeseran angka ganjil.
B6: 2 | C6: Link 1 s/d Link 6 (Backbone L1 - L6) | D6: Link 1: Net 10.120.241.33 / Bc .36 Link 2: Net 10.120.241.37 / Bc .40 Link 3: Net 10.120.241.41 / Bc .44 Link 4: Net 10.120.241.45 / Bc .48 Link 5: Net 10.120.241.49 / Bc .52 Link 6: Net 10.120.241.53 / Bc .56 | E6: Link 1: Net 10.120.241.32/30 (Bc .35) Link 2: Net 10.120.241.36/30 (Bc .39) Link 3: Net 10.120.241.40/30 (Bc .43) Link 4: Net 10.120.241.44/30 (Bc .47) Link 5: Net 10.120.241.48/30 (Bc .51) Link 6: Net 10.120.241.52/30 (Bc .55) | F6: Efek domino dari kesalahan broadcast Server Balai Kota (.32). Pada subnet /30 (blok 4), Network ID WAJIB angka genap kelipatan 4 (32, 36, 40, 44, 48, 52). Jawaban di UTS bergeser 1 angka menjadi ganjil sehingga tidak valid sebagai network ID.
B7: 3 | C7: Kantor Pelabuhan (Baris 12) | D7: Range: 10.120.240.1 - 10.120.240.129 Broadcast: 10.120.240.127 | E7: Range: 10.120.240.1 - 10.120.240.126 Broadcast: 10.120.240.127 Prefix: /25 (Blok 128) | F7: Typo penulisan host terakhir (.129 melebihi alamat broadcast .127). Host usable yang valid adalah .1 sampai .126.
